{
  "format": "panda_ik_benchmark_summary",
  "format_version": 2,
  "global": {
    "cumulative_times_s": [
      1.0774355868765322,
      2.854654712210867
    ],
    "final_path": {
      "segments": [
        {
          "attempt": 64,
          "from": "p0",
          "joint_positions": [
            0.4894808776465256,
            -0.2408433859402398,
            -0.3717531181674178,
            -2.8455850271425596,
            -0.17298995839792278,
            2.614108444645903,
            0.01918745978690578
          ],
          "solution_id": "p1_63",
          "solution_index_0based": 62,
          "solution_index_1based": 63,
          "time_s": 1.0774355868765322,
          "to": "p1"
        },
        {
          "attempt": 291,
          "from": "p1",
          "joint_positions": [
            1.613795447527048,
            -1.7213939261563138,
            -0.0035707646462551867,
            -2.9045992792405437,
            -0.003813256341333928,
            1.1832069448355362,
            -1.6021318539933231
          ],
          "solution_id": "p2_163",
          "solution_index_0based": 162,
          "solution_index_1based": 163,
          "time_s": 1.7772191253343352,
          "to": "p2"
        }
      ],
      "total_time_s": 2.854654712210867
    },
    "prefix_paths": [
      {
        "cumulative_time_s": 1.0774355868765322,
        "path": [
          {
            "attempt": 64,
            "joint_positions": [
              0.4894808776465256,
              -0.2408433859402398,
              -0.3717531181674178,
              -2.8455850271425596,
              -0.17298995839792278,
              2.614108444645903,
              0.01918745978690578
            ],
            "point": "p1",
            "solution_id": "p1_63",
            "solution_index_0based": 62,
            "solution_index_1based": 63
          }
        ],
        "segment_times_s": [
          1.0774355868765322
        ],
        "to": "p1"
      },
      {
        "cumulative_time_s": 2.854654712210867,
        "path": [
          {
            "attempt": 64,
            "joint_positions": [
              0.4894808776465256,
              -0.2408433859402398,
              -0.3717531181674178,
              -2.8455850271425596,
              -0.17298995839792278,
              2.614108444645903,
              0.01918745978690578
            ],
            "point": "p1",
            "solution_id": "p1_63",
            "solution_index_0based": 62,
            "solution_index_1based": 63
          },
          {
            "attempt": 291,
            "joint_positions": [
              1.613795447527048,
              -1.7213939261563138,
              -0.0035707646462551867,
              -2.9045992792405437,
              -0.003813256341333928,
              1.1832069448355362,
              -1.6021318539933231
            ],
            "point": "p2",
            "solution_id": "p2_163",
            "solution_index_0based": 162,
            "solution_index_1based": 163
          }
        ],
        "segment_times_s": [
          1.0774355868765322,
          1.7772191253343352
        ],
        "to": "p2"
      }
    ]
  },
  "greedy": {
    "cumulative_times_s": [
      1.0774355868765322,
      2.854654712210867
    ],
    "segment_times_s": [
      1.0774355868765322,
      1.7772191253343352
    ],
    "steps": [
      {
        "cumulative_time_s": 1.0774355868765322,
        "point": "p1",
        "segment_time_s": 1.0774355868765322,
        "solution": {
          "attempt": 64,
          "joint_positions": [
            0.4894808776465256,
            -0.2408433859402398,
            -0.3717531181674178,
            -2.8455850271425596,
            -0.17298995839792278,
            2.614108444645903,
            0.01918745978690578
          ],
          "solution_id": "p1_63",
          "solution_index_0based": 62,
          "solution_index_1based": 63
        }
      },
      {
        "cumulative_time_s": 2.854654712210867,
        "point": "p2",
        "segment_time_s": 1.7772191253343352,
        "solution": {
          "attempt": 291,
          "joint_positions": [
            1.613795447527048,
            -1.7213939261563138,
            -0.0035707646462551867,
            -2.9045992792405437,
            -0.003813256341333928,
            1.1832069448355362,
            -1.6021318539933231
          ],
          "solution_id": "p2_163",
          "solution_index_0based": 162,
          "solution_index_1based": 163
        }
      }
    ]
  },
  "ik_files": {
    "p1": "p1.json",
    "p2": "p2.json"
  },
  "ik_sampling_meta": {
    "p1": {
      "accepted_with_shortfall": false,
      "attempts_total": 214,
      "elapsed_total_s": 0.6828970909118652,
      "found": 200,
      "group": "panda_arm",
      "ik_successes_total": 214,
      "ik_timeout_s": 0.1,
      "named_start_for_seeding": "ready",
      "nullspace_jitter": 0.02,
      "nullspace_step": 0.2,
      "num_spaces": 10,
      "pass_metas": [
        {
          "attempts": 214,
          "elapsed_s": 0.6824781894683838,
          "found": 200,
          "group": "panda_arm",
          "ik_successes": 214,
          "ik_timeout_s": 0.1,
          "named_start_for_seeding": "ready",
          "nullspace_jitter": 0.02,
          "nullspace_step": 0.2,
          "num_spaces": 10,
          "pass_index": 0,
          "requested": 200,
          "rng": {
            "deterministic_joint_seeds": true,
            "engine": "numpy.default_rng",
            "note": "Avoid MoveIt internal RNG (RobotState.set_to_random_positions)."
          },
          "seed": 201007,
          "seed_pass": 201007,
          "target_point": {
            "x": 0.3554134447060151,
            "y": 0.055810859923994725,
            "z": 0.2603154394423799
          },
          "tip_link": "panda_link8",
          "uniq_resolution_rad": 0.001,
          "yaw_range_rad": 6.283185307179586
        }
      ],
      "pass_seed_stride": 100000,
      "passes_requested": 3,
      "passes_used": 1,
      "precheck_attempts": 52,
      "precheck_found": 50,
      "precheck_ik_successes": 52,
      "precheck_max_attempts": 1200,
      "precheck_num_spaces": 8,
      "reason": "ok",
      "requested": 200,
      "resample_max": 200,
      "resample_trial_final": 1,
      "resample_trials_used": 1,
      "seed": 201007,
      "shortfall": 0,
      "target_point": {
        "x": 0.3554134447060151,
        "y": 0.055810859923994725,
        "z": 0.2603154394423799
      },
      "tip_link": "panda_link8",
      "uniq_resolution_rad": 0.001,
      "yaw_range_rad": 6.283185307179586
    },
    "p2": {
      "accepted_with_shortfall": false,
      "attempts_total": 368,
      "elapsed_total_s": 3.215355634689331,
      "found": 200,
      "group": "panda_arm",
      "ik_successes_total": 368,
      "ik_timeout_s": 0.1,
      "named_start_for_seeding": "ready",
      "nullspace_jitter": 0.02,
      "nullspace_step": 0.2,
      "num_spaces": 10,
      "pass_metas": [
        {
          "attempts": 368,
          "elapsed_s": 3.2148420810699463,
          "found": 200,
          "group": "panda_arm",
          "ik_successes": 368,
          "ik_timeout_s": 0.1,
          "named_start_for_seeding": "ready",
          "nullspace_jitter": 0.02,
          "nullspace_step": 0.2,
          "num_spaces": 10,
          "pass_index": 0,
          "requested": 200,
          "rng": {
            "deterministic_joint_seeds": true,
            "engine": "numpy.default_rng",
            "note": "Avoid MoveIt internal RNG (RobotState.set_to_random_positions)."
          },
          "seed": 401007,
          "seed_pass": 401007,
          "target_point": {
            "x": -0.0027810436086067314,
            "y": 0.0874943776131774,
            "z": 0.48167224154660176
          },
          "tip_link": "panda_link8",
          "uniq_resolution_rad": 0.001,
          "yaw_range_rad": 6.283185307179586
        }
      ],
      "pass_seed_stride": 100000,
      "passes_requested": 3,
      "passes_used": 1,
      "precheck_attempts": 56,
      "precheck_found": 50,
      "precheck_ik_successes": 56,
      "precheck_max_attempts": 1200,
      "precheck_num_spaces": 8,
      "reason": "ok",
      "requested": 200,
      "resample_max": 200,
      "resample_trial_final": 1,
      "resample_trials_used": 1,
      "seed": 401007,
      "shortfall": 0,
      "target_point": {
        "x": -0.0027810436086067314,
        "y": 0.0874943776131774,
        "z": 0.48167224154660176
      },
      "tip_link": "panda_link8",
      "uniq_resolution_rad": 0.001,
      "yaw_range_rad": 6.283185307179586
    }
  },
  "meta": {
    "group": "panda_arm",
    "num_points": 2,
    "num_solutions": 200,
    "seed": 7,
    "time_model": {
      "effective": "totg",
      "note": "",
      "requested": "totg",
      "totg_available": true,
      "totg_failures": 0
    },
    "timestamp": "20260121_083922",
    "tip_link": "panda_link8"
  },
  "optimization_rate": {
    "formula": "(t_i - s_i) / t_i",
    "values": [
      {
        "point": "p1",
        "r_i": 0.0,
        "s_i": 1.0774355868765322,
        "t_i": 1.0774355868765322
      },
      {
        "point": "p2",
        "r_i": 0.0,
        "s_i": 2.854654712210867,
        "t_i": 2.854654712210867
      }
    ]
  },
  "start": {
    "joint_positions": [
      0.0,
      -0.785,
      0.0,
      -2.356,
      0.0,
      1.571,
      0.785
    ],
    "label": "ready",
    "name": "p0"
  },
  "targets": [
    {
      "name": "p1",
      "x": 0.3554134447060151,
      "y": 0.055810859923994725,
      "z": 0.2603154394423799
    },
    {
      "name": "p2",
      "x": -0.0027810436086067314,
      "y": 0.0874943776131774,
      "z": 0.48167224154660176
    }
  ],
  "units": {
    "cartesian_position": "m",
    "joint_position": "rad",
    "time": "s"
  }
}