{
  "meta": {
    "group": "panda_arm",
    "start_label": "ready",
    "timestamp": "20260121_083922",
    "tip_link": "panda_link8"
  },
  "p0": {
    "joint_positions": [
      0.0,
      -0.785,
      0.0,
      -2.356,
      0.0,
      1.571,
      0.785
    ]
  },
  "targets": [
    {
      "name": "p1",
      "x": 0.3554134447060151,
      "y": 0.055810859923994725,
      "z": 0.2603154394423799
    },
    {
      "name": "p2",
      "x": -0.0027810436086067314,
      "y": 0.0874943776131774,
      "z": 0.48167224154660176
    }
  ]
}